insert into USERS (ID, PHONE_NUMBER, USER_NAME, USER_TYPE, PASSWORD, PHOTO, ENABLED)
values ('sber@com.com', '930-29-990', 'Sber', 'employer',
        '$2a$12$EFiHl2LjTXGjgsD7Mh5j1eVfmCq4ZFevhggr5rHzP51IWX1YpRSwm', null, true),
       ('yandex@com.com', '123-123', 'Yandex', 'employer',
        '$2a$12$EFiHl2LjTXGjgsD7Mh5j1eVfmCq4ZFevhggr5rHzP51IWX1YpRSwm', null, true),
       ('gemotest@com.com', '234-43-4444', 'Gemo Test', 'employer', '$2a$12$EFiHl2LjTXGjgsD7Mh5j1eVfmCq4ZFevhggr5rHzP51IWX1YpRSwm',
        null, true),
       ('skydecor@com.com', '2394-444', 'Sky Decor', 'employer', '$2a$12$EFiHl2LjTXGjgsD7Mh5j1eVfmCq4ZFevhggr5rHzP51IWX1YpRSwm',
        null, true),
       ('fullconstruct@com.com', '559-322', 'Full Construction', 'employer', '$2a$12$EFiHl2LjTXGjgsD7Mh5j1eVfmCq4ZFevhggr5rHzP51IWX1YpRSwm',
        null, true);
insert into ROLES (ROLE, USER_EMAIL)
values ('EMPLOYER', 'sber@com.com'), ('EMPLOYER', 'yandex@com.com'), ('EMPLOYER', 'gemotest@com.com'),
       ('EMPLOYER', 'skydecor@com.com'), ('EMPLOYER', 'fullconstruct@com.com');

insert into EMPLOYERS (USERID, COMPANYNAME)
VALUES ('sber@com.com', 'Sber'), ('yandex@com.com', 'Yandex'),
       ('gemotest@com.com', 'Gemo Test'),
       ('skydecor@com.com', 'Sky Decor'),
       ('fullconstruct@com.com', 'Full Construction');

insert into VACANCY (EMPLOYER_ID, VACANCY_NAME, CATEGORY, SALARY, DESCRIPTION, REQUIRED_EXPERIENCE_MIN,
                     REQUIRED_EXPERIENCE_MAX, IS_ACTIVE, IS_PUBLISHED, PUBLISHED_DATE_TIME)
VALUES ((select ID from EMPLOYERS where USERID = 'sber@com.com'), 'Fullstack QA (Brokerage)', 'web development',
        200000,
        'Инженер по ручному тестированию, Старший (Senior) • Apache Kafka • Docker • SQL • Java • Python • REST • RabbitMQ • PostgreSQL • Linux • Kubernetes',
        3, 6, true, true, '2023-08-01 10:00'),
       ((select id from EMPLOYERS where USERID = 'sber@com.com'), 'Ведущий разработчик 1С', 'web development', 1000,
        'Программист 1С, Ведущий (Lead) • SQL • Разработка под 1С', 0, 2, true, true, '2023-08-01 10:00'),
       ((select id from EMPLOYERS where USERID = 'sber@com.com'), 'DevOps', 'web development', 1000,
        'DevOps-инженер • Linux • Docker • PostgreSQL • MySQL', 0, 3, true, true, '2023-08-01 10:00'),
       ((select id from EMPLOYERS where USERID = 'yandex@com.com'), 'DevOps', 'web development', 1000,
        'Linux • Docker • PostgreSQL • MySQL', 0, 3, true, true, '2023-08-02 10:00'),
       ((select id from EMPLOYERS where USERID = 'yandex@com.com'), 'Маркетолог', 'sales', 1000,
        'Разработка общей маркетинговой, рекламной и PR политики/стратегий', 0, 2, true, true, '2023-08-02 10:00'),
       ((select id from EMPLOYERS where USERID = 'yandex@com.com'), 'HR', 'management', 1000,
        'Взаимодействие с структурными подразделениями по подбору персонала.', 0, 3, true, true, '2023-08-02 10:00'),
       ((select id from EMPLOYERS where USERID = 'gemotest@com.com'), 'Водитель ', 'service', 1000,
        'Полная занятость, Вахтовый метод', 0, 3, true, true, '2023-08-03 10:00'),
       ((select id from EMPLOYERS where USERID = 'gemotest@com.com'), 'Менеджер по продажам', 'sales', 1000,
        'Установление контактов и связей с врачами', 0, 3, true, true, '2023-08-03 10:00'),
       ((select id from EMPLOYERS where USERID = 'gemotest@com.com'), 'Расчетный кассир', 'service', 1000,
        'Обеспечение бесперебойной работы кассы', 0, 3, true, true, '2023-08-03 10:00'),
       ((select id from EMPLOYERS where USERID = 'fullconstruct@com.com'), 'Back-end разработчик ', 'web development', 1000,
        'PHP 7, Symfony 4, PostgreSQL', 1, 3, true, true, '2023-08-04 10:00'),
       ((select id from EMPLOYERS where USERID = 'fullconstruct@com.com'), 'Кладовщик ', 'service', 1000,
        'заведование складом', 0, 1, true, true, '2023-08-04 10:00'),
       ((select id from EMPLOYERS where USERID = 'fullconstruct@com.com'), 'HR', 'management', 1000,
        'подбор персонала.', 0, 3, true, true, '2023-08-04 10:00'),
       ((select id from EMPLOYERS where USERID = 'skydecor@com.com'), 'С# .Net Developer', 'web development', 1000,
        'С# .Net Developer', 2, 5, true, true, '2023-08-05 10:00'),
       ((select id from EMPLOYERS where USERID = 'skydecor@com.com'), 'Графический дизайнер', 'design', 1000,
        'Создание графического контента для социальных сетей.', 0, 3, true, true, '2023-08-05 10:00'),
       ((select id from EMPLOYERS where USERID = 'skydecor@com.com'), 'Дизайнер на полиграфическую рекламу', 'design', 1000,
        'Дизайн рекламно - полиграфической продукции', 0, 3, true, true, '2023-08-05 10:00');
