INSERT INTO user_table (email, phone_number, user_name, user_type, password, photo, enabled)
VALUES
    ('user1@example.com', '1234567890', 'user1', 'applicant', '$2a$12$a72Udagvfj0P2ezcWE1yV.s7mMxn6SgJsyHWVOMegNmTN/WBayFbC', NULL, true),
    ('user2@example.com', '2345678901', 'user2', 'applicant', '$2a$12$a72Udagvfj0P2ezcWE1yV.s7mMxn6SgJsyHWVOMegNmTN/WBayFbC', NULL, true),
    ('user3@example.com', '3456789012', 'user3', 'employer', '$2a$12$a72Udagvfj0P2ezcWE1yV.s7mMxn6SgJsyHWVOMegNmTN/WBayFbC', NULL, true),
    ('user4@example.com', '4567890123', 'user4', 'applicant', '$2a$12$a72Udagvfj0P2ezcWE1yV.s7mMxn6SgJsyHWVOMegNmTN/WBayFbC', NULL, true),
    ('user5@example.com', '5678901234', 'user5', 'applicant', '$2a$12$a72Udagvfj0P2ezcWE1yV.s7mMxn6SgJsyHWVOMegNmTN/WBayFbC', NULL, true),
    ('user6@example.com', '6789012345', 'user6', 'employer', '$2a$12$a72Udagvfj0P2ezcWE1yV.s7mMxn6SgJsyHWVOMegNmTN/WBayFbC', NULL, true),
    ('user7@example.com', '7890123456', 'user7', 'applicant', '$2a$12$a72Udagvfj0P2ezcWE1yV.s7mMxn6SgJsyHWVOMegNmTN/WBayFbC', NULL, true),
    ('user8@example.com', '8901234567', 'user8', 'applicant', '$2a$12$a72Udagvfj0P2ezcWE1yV.s7mMxn6SgJsyHWVOMegNmTN/WBayFbC', NULL, true),
    ('user9@example.com', '9012345678', 'user9', 'employer', '$2a$12$a72Udagvfj0P2ezcWE1yV.s7mMxn6SgJsyHWVOMegNmTN/WBayFbC', NULL, true),
    ('user10@example.com', '0123456789', 'user10', 'applicant', '$2a$12$a72Udagvfj0P2ezcWE1yV.s7mMxn6SgJsyHWVOMegNmTN/WBayFbC', NULL, true),
    ('user11@example.com', '1234509876', 'user11', 'applicant', '$2a$12$a72Udagvfj0P2ezcWE1yV.s7mMxn6SgJsyHWVOMegNmTN/WBayFbC', NULL, true),
    ('user12@example.com', '2345618765', 'user12', 'employer', '$2a$12$a72Udagvfj0P2ezcWE1yV.s7mMxn6SgJsyHWVOMegNmTN/WBayFbC', NULL, true),
    ('user13@example.com', '3456727654', 'user13', 'applicant', '$2a$12$a72Udagvfj0P2ezcWE1yV.s7mMxn6SgJsyHWVOMegNmTN/WBayFbC', NULL, true),
    ('user14@example.com', '4567836543', 'user14', 'applicant', '$2a$12$a72Udagvfj0P2ezcWE1yV.s7mMxn6SgJsyHWVOMegNmTN/WBayFbC', NULL, true),
    ('user15@example.com', '5678945432', 'user15', 'employer', '$2a$12$a72Udagvfj0P2ezcWE1yV.s7mMxn6SgJsyHWVOMegNmTN/WBayFbC', NULL, true),
    ('user16@example.com', '6789054321', 'user16', 'applicant', '$2a$12$a72Udagvfj0P2ezcWE1yV.s7mMxn6SgJsyHWVOMegNmTN/WBayFbC', NULL, true),
    ('user17@example.com', '7890163210', 'user17', 'applicant', '$2a$12$a72Udagvfj0P2ezcWE1yV.s7mMxn6SgJsyHWVOMegNmTN/WBayFbC', NULL, true),
    ('user18@example.com', '8901272109', 'user18', 'employer', '$2a$12$a72Udagvfj0P2ezcWE1yV.s7mMxn6SgJsyHWVOMegNmTN/WBayFbC', NULL, true),
    ('user19@example.com', '9012381098', 'user19', 'applicant', '$2a$12$a72Udagvfj0P2ezcWE1yV.s7mMxn6SgJsyHWVOMegNmTN/WBayFbC', NULL, true),
    ('user20@example.com', '0123490987', 'user20', 'applicant', '$2a$12$a72Udagvfj0P2ezcWE1yV.s7mMxn6SgJsyHWVOMegNmTN/WBayFbC', NULL, true);

INSERT INTO authorities (authority, email) VALUES
('APPLICANT', 'user1@example.com'),
('APPLICANT', 'user2@example.com'),
('EMPLOYER', 'user3@example.com'),
('APPLICANT', 'user4@example.com'),
('APPLICANT', 'user5@example.com'),
('EMPLOYER', 'user6@example.com'),
('APPLICANT', 'user7@example.com'),
('APPLICANT', 'user8@example.com'),
('EMPLOYER', 'user9@example.com'),
('APPLICANT', 'user11@example.com'),
('EMPLOYER', 'user12@example.com'),
('APPLICANT', 'user10@example.com'),
('APPLICANT', 'user13@example.com'),
('APPLICANT', 'user14@example.com'),
('EMPLOYER', 'user15@example.com'),
('APPLICANT', 'user16@example.com'),
('APPLICANT', 'user17@example.com'),
('EMPLOYER', 'user18@example.com'),
('APPLICANT', 'user19@example.com'),
('APPLICANT', 'user20@example.com');

INSERT INTO applicants (user_id, first_name, last_name, date_of_birth)
VALUES
    ((SELECT email FROM user_table WHERE email LIKE 'user1@%'), 'John', 'Doe', '1990-12-05'),
    ((SELECT email FROM user_table WHERE email LIKE 'user2@%'), 'Alice', 'Smith', '1985-07-15'),
    ((SELECT email FROM user_table WHERE email LIKE 'user4%'), 'Emma', 'Johnson', '1993-04-20'),
    ((SELECT email FROM user_table WHERE email LIKE 'user5%'), 'Michael', 'Brown', '1992-10-08'),
    ((SELECT email FROM user_table WHERE email LIKE 'user7%'), 'Olivia', 'Miller', '1991-11-25'),
    ((SELECT email FROM user_table WHERE email LIKE 'user8%'), 'William', 'Davis', '1995-03-17'),
    ((SELECT email FROM user_table WHERE email LIKE 'user10%'), 'William', 'Davis', '1995-03-17'),
    ((SELECT email FROM user_table WHERE email LIKE 'user11%'), 'Sophia', 'Wilson', '1994-09-12'),
    ((SELECT email FROM user_table WHERE email LIKE 'user13%'), 'Ethan', 'Moore', '1996-08-03'),
    ((SELECT email FROM user_table WHERE email LIKE 'user14%'), 'Ava', 'Taylor', '1997-06-28'),
    ((SELECT email FROM user_table WHERE email LIKE 'user16%'), 'Liam', 'Anderson', '1998-02-18'),
    ((SELECT email FROM user_table WHERE email LIKE 'user17%'), 'Mia', 'Martinez', '1999-01-07'),
    ((SELECT email FROM user_table WHERE email LIKE 'user19%'), 'Noah', 'Harris', '1997-12-10'),
    ((SELECT email FROM user_table WHERE email LIKE 'user20%'), 'Isabella', 'Clark', '1996-05-22');

INSERT INTO employers (user_id, company_name)
VALUES
    ((SELECT email FROM user_table WHERE email LIKE 'user3%'), 'TechCorp'),
    ((SELECT email FROM user_table WHERE email LIKE 'user6%'), 'Innovate Solutions'),
    ((SELECT email FROM user_table WHERE email LIKE 'user9%'), 'Global Enterprises'),
    ((SELECT email FROM user_table WHERE email LIKE 'user12%'), 'BizTech'),
    ((SELECT email FROM user_table WHERE email LIKE 'user15%'), 'Swift Industries'),
    ((SELECT email FROM user_table WHERE email LIKE 'user18%'), 'NexGen Inc.');

INSERT INTO categories (category)
VALUES
    ('Technology'),
    ('Healthcare'),
    ('Finance'),
    ('Education'),
    ('Hospitality'),
    ('Marketing'),
    ('Engineering'),
    ('Retail'),
    ('Art and Design'),
    ('Customer Service'),
    ('Sales'),
    ('Manufacturing'),
    ('Media and Entertainment'),
    ('Science'),
    ('Legal'),
    ('Human Resources'),
    ('Transportation'),
    ('Construction'),
    ('Non-profit'),
    ('Agriculture'),
    ('Other');


INSERT INTO resumes (applicant_id, resume_title, category, expected_salary, is_active, is_published, date_time)
VALUES
    ((SELECT id FROM applicants WHERE user_id LIKE 'user1@%'), 'Skilled Graphic Designer', (SELECT category FROM categories WHERE category LIKE 'Media%'), 25000, true, true, CURRENT_TIMESTAMP),
    ((SELECT id FROM applicants WHERE user_id LIKE 'user1@%'), 'Experienced Software Engineer', (SELECT category FROM categories WHERE category LIKE 'Technology%'), 70000, true, true, CURRENT_TIMESTAMP),
    ((SELECT id FROM applicants WHERE user_id LIKE 'user2@%'), 'Marketing Specialist', (SELECT category FROM categories WHERE category LIKE 'Marketing%'), 55000, true, true, CURRENT_TIMESTAMP),
    ((SELECT id FROM applicants WHERE user_id LIKE 'user2@%'), 'Front-end Developer', (SELECT category FROM categories WHERE category LIKE 'Technology%'), 60000, true, true, CURRENT_TIMESTAMP),
    ((SELECT id FROM applicants WHERE user_id LIKE 'user4%'), 'Experienced Graphic Designer', (SELECT category FROM categories WHERE category LIKE 'Art%'), 35000, true, true, CURRENT_TIMESTAMP),
    ((SELECT id FROM applicants WHERE user_id LIKE 'user4%'), 'Creative Content Writer', (SELECT category FROM categories WHERE category LIKE 'Media%'), 30000, true, true, CURRENT_TIMESTAMP),
    ((SELECT id FROM applicants WHERE user_id LIKE 'user5%'), 'Software Engineer', (SELECT category FROM categories WHERE category LIKE 'Technology%'), 80000, true, true, CURRENT_TIMESTAMP),
    ((SELECT id FROM applicants WHERE user_id LIKE 'user5%'), 'Frontend Developer', (SELECT category FROM categories WHERE category LIKE 'Technology%'), 60000, true, true, CURRENT_TIMESTAMP),
    ((SELECT id FROM applicants WHERE user_id LIKE 'user7%'), 'Registered Nurse', (SELECT category FROM categories WHERE category LIKE 'Healthcare%'), 55000, true, true, CURRENT_TIMESTAMP),
    ((SELECT id FROM applicants WHERE user_id LIKE 'user7%'), 'Healthcare Administrator', (SELECT category FROM categories WHERE category LIKE 'Healthcare%'), 70000, true, true, CURRENT_TIMESTAMP),
    ((SELECT id FROM applicants WHERE user_id LIKE 'user8%'), 'Experienced Web Developer', (SELECT category FROM categories WHERE category LIKE 'Technology%'), 65000, true, true, CURRENT_TIMESTAMP),
    ((SELECT id FROM applicants WHERE user_id LIKE 'user8%'), 'UX/UI Designer', (SELECT category FROM categories WHERE category LIKE 'Art%'), 60000, true, true, CURRENT_TIMESTAMP),
    ((SELECT id FROM applicants WHERE user_id LIKE 'user11%'), 'Marketing Manager', (SELECT category FROM categories WHERE category LIKE 'Marketing%'), 75000, true, true, CURRENT_TIMESTAMP),
    ((SELECT id FROM applicants WHERE user_id LIKE 'user11%'), 'Digital Marketing Specialist', (SELECT category FROM categories WHERE category LIKE 'Marketing%'), 55000, true, true, CURRENT_TIMESTAMP),
    ((SELECT id FROM applicants WHERE user_id LIKE 'user13%'), 'Software Developer', (SELECT category FROM categories WHERE category LIKE 'Technology%'), 70000, true, true, CURRENT_TIMESTAMP),
    ((SELECT id FROM applicants WHERE user_id LIKE 'user13%'), 'Database Administrator', (SELECT category FROM categories WHERE category LIKE 'Technology%'), 65000, true, true, CURRENT_TIMESTAMP),
    ((SELECT id FROM applicants WHERE user_id LIKE 'user14%'), 'Creative Graphic Designer', (SELECT category FROM categories WHERE category LIKE 'Art%'), 55000, true, true, CURRENT_TIMESTAMP),
    ((SELECT id FROM applicants WHERE user_id LIKE 'user14%'), 'Marketing Coordinator', (SELECT category FROM categories WHERE category LIKE 'Marketing%'), 50000, true, true, CURRENT_TIMESTAMP),
    ((SELECT id FROM applicants WHERE user_id LIKE 'user16%'), 'Software Engineer', (SELECT category FROM categories WHERE category LIKE 'Technology%'), 70000, true, true, CURRENT_TIMESTAMP),
    ((SELECT id FROM applicants WHERE user_id LIKE 'user16%'), 'Full Stack Developer', (SELECT category FROM categories WHERE category LIKE 'Technology%'), 75000, true, true, CURRENT_TIMESTAMP),
    ((SELECT id FROM applicants WHERE user_id LIKE 'user17%'), 'Junior Marketing Specialist', (SELECT category FROM categories WHERE category LIKE 'Marketing%'), 40000, true, true, CURRENT_TIMESTAMP),
    ((SELECT id FROM applicants WHERE user_id LIKE 'user17%'), 'Social Media Manager', (SELECT category FROM categories WHERE category LIKE 'Marketing%'), 55000, true, true, CURRENT_TIMESTAMP),
    ((SELECT id FROM applicants WHERE user_id LIKE 'user19%'), 'Entry-level Programmer', (SELECT category FROM categories WHERE category LIKE 'Technology%'), 45000, true, true, CURRENT_TIMESTAMP),
    ((SELECT id FROM applicants WHERE user_id LIKE 'user19%'), 'Software Support Analyst', (SELECT category FROM categories WHERE category LIKE 'Technology%'), 50000, true, true, CURRENT_TIMESTAMP),
    ((SELECT id FROM applicants WHERE user_id LIKE 'user20%'), 'Creative Content Writer', (SELECT category FROM categories WHERE category LIKE 'Media%'), 40000, true, true, CURRENT_TIMESTAMP),
    ((SELECT id FROM applicants WHERE user_id LIKE 'user20%'), 'Software Quality Assurance', (SELECT category FROM categories WHERE category LIKE 'Technology%'), 65000, true, true, CURRENT_TIMESTAMP);

INSERT INTO work_experience (resume_id, date_start, date_end, company_name, position, responsibilities)
VALUES
    ((SELECT id FROM resumes WHERE resume_title LIKE 'Skilled Graphic Designer%' AND expected_salary = 25000), '2010-12-01', '2012-06-30', 'Design Co.', 'Graphic Designer', 'Designed marketing materials and created visually appealing graphics.'),
    ((SELECT id FROM resumes WHERE resume_title LIKE 'Skilled Graphic Designer%' AND expected_salary = 25000), '2013-02-15', '2014-09-20', 'Creative Agency', 'Senior Graphic Designer', 'Led a team of designers and executed various branding projects for clients.'),
    ((SELECT id FROM resumes WHERE resume_title LIKE 'Experienced Software Engineer%' AND expected_salary = 70000), '2015-05-01', '2017-11-30', 'Tech Solutions Inc.', 'Software Engineer', 'Developed and maintained web applications using modern programming languages and frameworks.'),
    ((SELECT id FROM resumes WHERE resume_title LIKE 'Experienced Software Engineer%' AND expected_salary = 70000), '2018-03-10', '2020-09-15', 'Software Innovators', 'Lead Developer', 'Architected and implemented complex software solutions to solve critical business challenges.'),
    ((SELECT id FROM resumes WHERE resume_title LIKE 'Marketing Specialist%' AND expected_salary = 55000), '2012-06-15', '2014-08-20', 'Digital Marketing Agency', 'Marketing Specialist', 'Executed successful online marketing campaigns and managed social media accounts.'),
    ((SELECT id FROM resumes WHERE resume_title LIKE 'Marketing Specialist%' AND expected_salary = 55000), '2015-03-10', '2017-07-05', 'Global Branding Corp.', 'Senior Marketing Specialist', 'Led cross-functional teams to develop and implement branding strategies for international clients.'),
    ((SELECT id FROM resumes WHERE resume_title LIKE 'Front-end Developer%' AND expected_salary = 60000), '2016-08-01', '2018-12-31', 'Web Development Studio', 'Front-end Developer', 'Translated design concepts into responsive and user-friendly web interfaces using HTML, CSS, and JavaScript.'),
    ((SELECT id FROM resumes WHERE resume_title LIKE 'Front-end Developer%' AND expected_salary = 60000), '2019-04-15', '2021-09-30', 'Tech Innovations Ltd.', 'Lead Front-end Developer', 'Collaborated with UX designers to create interactive web applications, optimized for performance and usability.'),
    ((SELECT id FROM resumes WHERE resume_title LIKE 'Experienced Graphic Designer%' AND expected_salary = 35000), '2012-04-10', '2015-08-15', 'Design Studio Inc.', 'Graphic Designer', 'Designed eye-catching graphics for print and digital media, collaborated with clients to ensure design satisfaction.'),
    ((SELECT id FROM resumes WHERE resume_title LIKE 'Experienced Graphic Designer%' AND expected_salary = 35000), '2016-02-01', '2020-06-30', 'Creative Agency Co.', 'Senior Graphic Designer', 'Led design teams, developed branding concepts, and managed design projects from concept to delivery.'),
    ((SELECT id FROM resumes WHERE resume_title LIKE 'Creative Content Writer%' AND expected_salary = 30000), '2015-09-20', '2017-12-10', 'Online Publishing Group', 'Content Writer', 'Produced engaging and informative articles on a variety of topics, adhered to editorial guidelines and deadlines.'),
    ((SELECT id FROM resumes WHERE resume_title LIKE 'Creative Content Writer%' AND expected_salary = 30000), '2018-01-15', '2022-03-25', 'Content Marketing Solutions', 'Lead Content Writer', 'Developed content strategies, created compelling copy for websites, blogs, and marketing materials, managed content team.'),
    ((SELECT id FROM resumes WHERE resume_title LIKE 'Creative Graphic Designer%' AND expected_salary = 55000), '2013-06-05', '2017-09-20', 'Design Innovators', 'Graphic Designer', 'Conceptualized and executed unique design solutions for clients, managed projects from inception to completion.'),
    ((SELECT id FROM resumes WHERE resume_title LIKE 'Creative Graphic Designer%' AND expected_salary = 55000), '2018-02-15', '2022-05-30', 'Artistic Creations Studio', 'Senior Graphic Designer', 'Led design initiatives, collaborated with cross-functional teams, and provided creative direction for branding projects.'),
    ((SELECT id FROM resumes WHERE resume_title LIKE 'Marketing Coordinator%' AND expected_salary = 50000), '2016-04-10', '2020-08-25', 'MarketMinds Agency', 'Marketing Coordinator', 'Assisted in planning and executing marketing campaigns, managed social media channels, and coordinated promotional events.'),
    ((SELECT id FROM resumes WHERE resume_title LIKE 'Marketing Coordinator%' AND expected_salary = 50000), '2021-01-10', '2023-03-15', 'Brand Builders Inc.', 'Senior Marketing Coordinator', 'Developed and implemented marketing strategies, oversaw team members, and conducted market research.'),
    ((SELECT id FROM resumes WHERE resume_title LIKE 'Software Engineer%' AND expected_salary = 70000), '2019-07-01', '2022-10-15', 'Tech Innovators Corp.', 'Software Engineer I', 'Developed and maintained software applications, collaborated with development teams, and contributed to code reviews.'),
    ((SELECT id FROM resumes WHERE resume_title LIKE 'Software Engineer%' AND expected_salary = 70000), '2023-01-20', '2024-06-30', 'Digital Solutions Ltd.', 'Senior Software Engineer', 'Led software architecture design, mentored junior developers, and played a key role in product development lifecycle.');

INSERT INTO education (resume_id, education, school_name, start_date, graduation_date)
VALUES
    ((SELECT id FROM resumes WHERE resume_title LIKE 'Skilled Graphic Designer%' AND expected_salary = 25000), 'Bachelor of Fine Arts', 'Art University', '2012-09-01', '2016-05-15'),
    ((SELECT id FROM resumes WHERE resume_title LIKE 'Experienced Software Engineer%' AND expected_salary = 70000), 'Master of Science in Software Engineering', 'Tech Institute', '2015-08-15', '2017-12-20'),
    ((SELECT id FROM resumes WHERE resume_title LIKE 'Marketing Specialist%' AND expected_salary = 55000), 'Bachelor of Business Administration in Marketing', 'Marketing University', '2013-09-01', '2017-05-20'),
    ((SELECT id FROM resumes WHERE resume_title LIKE 'Experienced Graphic Designer%' AND expected_salary = 35000), 'Bachelor of Fine Arts in Graphic Design', 'Design Institute', '2012-08-15', '2016-06-10'),
    ((SELECT id FROM resumes WHERE resume_title LIKE 'Software Engineer%' AND expected_salary = 80000), 'Master of Science in Computer Science', 'Tech University', '2014-09-01', '2016-12-20'),
    ((SELECT id FROM resumes WHERE resume_title LIKE 'Registered Nurse%' AND expected_salary = 55000), 'Bachelor of Science in Nursing', 'Health Sciences College', '2015-08-15', '2019-05-15'),
    ((SELECT id FROM resumes WHERE resume_title LIKE 'Experienced Web Developer%' AND expected_salary = 65000), 'Bachelor of Science in Computer Engineering', 'Engineering Institute', '2013-09-01', '2017-05-20'),
    ((SELECT id FROM resumes WHERE resume_title LIKE 'Marketing Manager%' AND expected_salary = 75000), 'Master of Business Administration in Marketing', 'Business Institute', '2010-09-01', '2012-05-20'),
    ((SELECT id FROM resumes WHERE resume_title LIKE 'Software Developer%' AND expected_salary = 70000), 'Bachelor of Science in Computer Science', 'Tech University', '2012-08-15', '2016-06-10'),
    ((SELECT id FROM resumes WHERE resume_title LIKE 'Creative Graphic Designer%' AND expected_salary = 55000), 'Bachelor of Fine Arts in Graphic Design', 'Design Institute', '2011-09-01', '2015-05-15'),
    ((SELECT id FROM resumes WHERE resume_title LIKE 'Software Engineer%' AND expected_salary = 70000), 'Master of Science in Computer Engineering', 'Tech University', '2014-09-01', '2016-12-20'),
    ((SELECT id FROM resumes WHERE resume_title LIKE 'Junior Marketing Specialist%' AND expected_salary = 40000), 'Bachelor of Business Administration in Marketing', 'Marketing College', '2016-08-15', '2020-05-15'),
    ((SELECT id FROM resumes WHERE resume_title LIKE 'Entry-level Programmer%' AND expected_salary = 45000), 'Bachelor of Science in Computer Science', 'Tech Institute', '2018-09-01', '2022-05-20'),
    ((SELECT id FROM resumes WHERE resume_title LIKE 'Creative Content Writer%' AND expected_salary = 40000), 'Bachelor of Arts in Journalism', 'Media University', '2017-08-15', '2021-05-15');

INSERT INTO contact_info (resume_id, telegram, email, phone_number, facebook, linkedIn)
VALUES
    ((SELECT id FROM resumes WHERE resume_title LIKE 'Skilled Graphic Designer%' AND expected_salary = 25000), '@john_designs', 'john.designer@example.com', '1234567890', 'john.designer', 'john-designs'),
    ((SELECT id FROM resumes WHERE resume_title LIKE 'Experienced Software Engineer%' AND expected_salary = 70000), '@john_coder', 'john.coder@example.com', '9876543210', 'john.coder', 'john-coder'),
    ((SELECT id FROM resumes WHERE resume_title LIKE 'Marketing Specialist%' AND expected_salary = 55000), '@alice_marketing', 'alice.marketing@example.com', '5555555555', 'alice.marketing', 'alice-marketing'),
    ((SELECT id FROM resumes WHERE resume_title LIKE 'Front-end Developer%' AND expected_salary = 60000), '@alice_frontend', 'alice.frontend@example.com', '7777777777', 'alice.frontend', 'alice-frontend'),
    ((SELECT id FROM resumes WHERE resume_title LIKE 'Experienced Graphic Designer%' AND expected_salary = 35000), '@emma_designs', 'emma.designer@example.com', '1111111111', 'emma.designer', 'emma-designs'),
    ((SELECT id FROM resumes WHERE resume_title LIKE 'Creative Content Writer%' AND expected_salary = 30000), '@emma_writer', 'emma.writer@example.com', '2222222222', 'emma.writer', 'emma-writer'),
    ((SELECT id FROM resumes WHERE resume_title LIKE 'Software Engineer%' AND expected_salary = 80000), '@michael_coder', 'michael.coder@example.com', '3333333333', 'michael.coder', 'michael-coder'),
    ((SELECT id FROM resumes WHERE resume_title LIKE 'Frontend Developer%' AND expected_salary = 60000), '@michael_frontend', 'michael.frontend@example.com', '4444444444', 'michael.frontend', 'michael-frontend'),
    ((SELECT id FROM resumes WHERE resume_title LIKE 'Registered Nurse%' AND expected_salary = 55000), '@olivia_nurse', 'olivia.nurse@example.com', '5555555555', 'olivia.nurse', 'olivia-nurse'),
    ((SELECT id FROM resumes WHERE resume_title LIKE 'Healthcare Administrator%' AND expected_salary = 70000), '@olivia_admin', 'olivia.admin@example.com', '6666666666', 'olivia.admin', 'olivia-admin'),
    ((SELECT id FROM resumes WHERE resume_title LIKE 'Experienced Web Developer%' AND expected_salary = 65000), '@william_web', 'william.web@example.com', '7777777777', 'william.web', 'william-web'),
    ((SELECT id FROM resumes WHERE resume_title LIKE 'UX/UI Designer%' AND expected_salary = 60000), '@william_designs', 'william.designs@example.com', '8888888888', 'william.designs', 'william-designs'),
    ((SELECT id FROM resumes WHERE resume_title LIKE 'Marketing Manager%' AND expected_salary = 75000), '@sophia_marketing', 'sophia.marketing@example.com', '9999999999', 'sophia.marketing', 'sophia-marketing'),
    ((SELECT id FROM resumes WHERE resume_title LIKE 'Digital Marketing Specialist%' AND expected_salary = 55000), '@sophia_digital', 'sophia.digital@example.com', '1112223333', 'sophia.digital', 'sophia-digital'),
    ((SELECT id FROM resumes WHERE resume_title LIKE 'Software Developer%' AND expected_salary = 70000), '@ethan_dev', 'ethan.dev@example.com', '4443332222', 'ethan.dev', 'ethan-dev'),
    ((SELECT id FROM resumes WHERE resume_title LIKE 'Database Administrator%' AND expected_salary = 65000), '@ethan_db', 'ethan.db@example.com', '3332224444', 'ethan.db', 'ethan-db'),
    ((SELECT id FROM resumes WHERE resume_title LIKE 'Creative Graphic Designer%' AND expected_salary = 55000), '@ava_designs', 'ava.designs@example.com', '5558887777', 'ava.designs', 'ava-designs'),
    ((SELECT id FROM resumes WHERE resume_title LIKE 'Marketing Coordinator%' AND expected_salary = 50000), '@ava_coordinator', 'ava.coordinator@example.com', '8887775555', 'ava.coordinator', 'ava-coordinator'),
    ((SELECT id FROM resumes WHERE resume_title LIKE 'Software Engineer%' AND expected_salary = 70000), '@liam_coder', 'liam.coder@example.com', '3331114444', 'liam.coder', 'liam-coder'),
    ((SELECT id FROM resumes WHERE resume_title LIKE 'Full Stack Developer%' AND expected_salary = 75000), '@liam_fullstack', 'liam.fullstack@example.com', '1113334444', 'liam.fullstack', 'liam-fullstack'),
    ((SELECT id FROM resumes WHERE resume_title LIKE 'Junior Marketing Specialist%' AND expected_salary = 40000), '@mia_junior', 'mia.junior@example.com', '5557773333', 'mia.junior', 'mia-junior'),
    ((SELECT id FROM resumes WHERE resume_title LIKE 'Social Media Manager%' AND expected_salary = 55000), '@mia_social', 'mia.social@example.com', '7773334444', 'mia.social', 'mia-social'),
    ((SELECT id FROM resumes WHERE resume_title LIKE 'Entry-level Programmer%' AND expected_salary = 45000), '@noah_prog', 'noah.prog@example.com', '3332221111', 'noah.prog', 'noah-prog'),
    ((SELECT id FROM resumes WHERE resume_title LIKE 'Software Support Analyst%' AND expected_salary = 50000), '@noah_support', 'noah.support@example.com', '1112224444', 'noah.support', 'noah-support'),
    ((SELECT id FROM resumes WHERE resume_title LIKE 'Creative Content Writer%' AND expected_salary = 40000), '@isabella_writer', 'isabella.writer@example.com', '4445556666', 'isabella.writer', 'isabella-writer'),
    ((SELECT id FROM resumes WHERE resume_title LIKE 'Software Quality Assurance%' AND expected_salary = 65000), '@isabella_qa', 'isabella.qa@example.com', '3334445555', 'isabella.qa', 'isabella-qa');

INSERT INTO vacancies (employer_id, vacancy_name, category, salary, description, required_experience_min, required_experience_max, is_active, is_published, date_time)
VALUES
    ((SELECT id FROM employers WHERE user_id LIKE 'user3%'), 'Software Developer', (SELECT category FROM categories WHERE category LIKE 'Technology%'), 80000, 'Join our team as a Software Developer!', 2, 5, true, true, '2023-08-23 09:30'),
    ((SELECT id FROM employers WHERE user_id LIKE 'user3%'), 'Data Scientist', (SELECT category FROM categories WHERE category LIKE 'Science%'), 90000, 'Seeking a skilled Data Scientist to drive insights from data.', 3, 6, true, true, '2023-08-23 11:15'),
    ((SELECT id FROM employers WHERE user_id LIKE 'user3%'), 'UI/UX Designer', (SELECT category FROM categories WHERE category LIKE 'Art%'), 70000, 'Create engaging and user-friendly designs.', 2, 4, true, true, '2023-08-23 14:20'),
    ((SELECT id FROM employers WHERE user_id LIKE 'user6%'), 'Frontend Developer', (SELECT category FROM categories WHERE category LIKE 'Technology%'), 75000, 'Design and implement user interfaces for web applications.', 1, 3, true, true, '2023-08-29 10:45'),
    ((SELECT id FROM employers WHERE user_id LIKE 'user6%'), 'Product Manager', (SELECT category FROM categories WHERE category LIKE 'Marketing%'), 90000, 'Lead product development and strategy.', 4, 7, true, true, '2023-08-23 13:05'),
    ((SELECT id FROM employers WHERE user_id LIKE 'user6%'), 'Graphic Designer', (SELECT category FROM categories WHERE category LIKE 'Art%'), 60000, 'Create visually appealing designs for various platforms.', 2, 5, true, true, '2023-08-23 15:40'),
    ((SELECT id FROM employers WHERE user_id LIKE 'user9%'), 'Software Engineer', (SELECT category FROM categories WHERE category LIKE 'Technology%'), 85000, 'Join our team as a skilled Software Engineer!', 2, 5, true, true, '2023-08-23 09:30'),
    ((SELECT id FROM employers WHERE user_id LIKE 'user9%'), 'Business Analyst', (SELECT category FROM categories WHERE category LIKE 'Finance%'), 75000, 'Analyze and optimize business processes.', 1, 4, true, true, '2023-08-23 11:15'),
    ((SELECT id FROM employers WHERE user_id LIKE 'user9%'), 'Marketing Coordinator', (SELECT category FROM categories WHERE category LIKE 'Marketing%'), 60000, 'Coordinate marketing campaigns and events.', 1, 3, true, true, '2023-07-23 14:20'),
    ((SELECT id FROM employers WHERE user_id LIKE 'user12%'), 'Full Stack Developer', (SELECT category FROM categories WHERE category LIKE 'Technology%'), 80000, 'Develop and maintain web applications.', 2, 6, true, true, '2023-08-23 10:45'),
    ((SELECT id FROM employers WHERE user_id LIKE 'user12%'), 'Financial Analyst', (SELECT category FROM categories WHERE category LIKE 'Finance%'), 85000, 'Analyze financial data and trends.', 2, 5, true, true, '2023-08-28 13:05'),
    ((SELECT id FROM employers WHERE user_id LIKE 'user12%'), 'Graphic Designer', (SELECT category FROM categories WHERE category LIKE 'Art%'), 65000, 'Create visual elements for marketing materials.', 1, 3, true, true, '2023-08-23 15:40'),
    ((SELECT id FROM employers WHERE user_id LIKE 'user15%'), 'Project Manager', (SELECT category FROM categories WHERE category LIKE 'Management%'), 90000, 'Manage and lead cross-functional projects.', 3, 7, true, true, '2023-08-23 09:30'),
    ((SELECT id FROM employers WHERE user_id LIKE 'user15%'), 'Supply Chain Analyst', (SELECT category FROM categories WHERE category LIKE 'Logistics%'), 75000, 'Analyze and optimize supply chain operations.', 2, 5, true, true, '2023-08-24 11:15'),
    ((SELECT id FROM employers WHERE user_id LIKE 'user15%'), 'Digital Marketing Specialist', (SELECT category FROM categories WHERE category LIKE 'Marketing%'), 70000, 'Plan and execute digital marketing strategies.', 2, 4, true, true, '2023-08-23 14:20'),
    ((SELECT id FROM employers WHERE user_id LIKE 'user18%'), 'Software Developer', (SELECT category FROM categories WHERE category LIKE 'Technology%'), 85000, 'Join our team as a skilled Software Developer!', 2, 5, true, true, '2023-08-23 09:30'),
    ((SELECT id FROM employers WHERE user_id LIKE 'user18%'), 'HR Manager', (SELECT category FROM categories WHERE category LIKE 'Human Resources%'), 80000, 'Lead and manage human resources functions.', 4, 8, true, true, '2023-08-23 11:15'),
    ((SELECT id FROM employers WHERE user_id LIKE 'user18%'), 'Sales Representative', (SELECT category FROM categories WHERE category LIKE 'Sales%'), 60000, 'Promote and sell company products.', 1, 3, true, true, '2023-08-23 14:20');

